<?xml version="1.0" encoding="UTF-8"?><!--
        *** GENERATED FROM jax-ws.xml - DO NOT EDIT !                             ***
        *** TO MODIFY wsimport options USE Web Service node -> Edit WS Attributes ***
        *** TO CHANGE TARGETS GENERATED TO jaxws-build.xml COPY THOSE             ***
        *** TARGETS TO ../build.xml AND MODIFY THAT FILE INSTEAD                  ***

        --><project xmlns:xalan="http://xml.apache.org/xslt" xmlns:webproject2="http://www.netbeans.org/ns/web-project/2" xmlns:jaxws="http://www.netbeans.org/ns/jax-ws/1">
    <!--
                ===================
                JAX-WS WSGEN SECTION
                ===================
            -->
    <!--
                ===================
                JAX-WS WSIMPORT SECTION
                ===================
            -->
    <target name="wsimport-init" depends="init">
        <fail if="${wsimport.bad.version}" message="WsImport ant task defined in the classpath ${j2ee.platform.wsimport.classpath} has a serious bug. See http://wiki.netbeans.org/MetroIssue for details."/>
        <mkdir dir="${build.generated.sources.dir}/jax-ws"/>
        <property name="j2ee.platform.wsimport.classpath" value="${libs.jaxws21.classpath}"/>
        <taskdef name="wsimport" classname="com.sun.tools.ws.ant.WsImport">
            <classpath path="${java.home}/../lib/tools.jar:${j2ee.platform.wsimport.classpath}:${javac.classpath}"/>
        </taskdef>
        <condition property="conf-dir" value="${conf.dir}/" else="">
            <isset property="conf.dir"/>
        </condition>
    </target>
    <target name="wsimport-client-CalculatorWSService" depends="wsimport-init">
        <mkdir dir="${build.generated.dir}/jax-wsCache/CalculatorWSService"/>
        <wsimport sourcedestdir="${build.generated.dir}/jax-wsCache/CalculatorWSService" destdir="${build.generated.dir}/jax-wsCache/CalculatorWSService" wsdl="${basedir}/${conf-dir}xml-resources/web-service-references/CalculatorWSService/wsdl/CalculatorWSService.wsdl" catalog="catalog.xml" encoding="${source.encoding}" extension="true" verbose="true" wsdlLocation="http://localhost:8080/CalculatorApp/CalculatorWSService?wsdl" xnocompile="true" xendorsed="true" package="org.me.calculator.client" target="2.1">
            <depends file="${basedir}/${conf-dir}xml-resources/web-service-references/CalculatorWSService/wsdl/CalculatorWSService.wsdl"/>
            <produces dir="${build.generated.dir}/jax-wsCache/CalculatorWSService"/>
        </wsimport>
        <copy todir="${build.generated.sources.dir}/jax-ws">
            <fileset dir="${build.generated.dir}/jax-wsCache/CalculatorWSService">
                <include name="**/*.java"/>
            </fileset>
        </copy>
    </target>
    <target name="wsimport-client-clean-CalculatorWSService" depends="-init-project">
        <delete dir="${build.generated.sources.dir}/jax-ws/org/me/calculator/client"/>
        <delete dir="${build.generated.dir}/jax-wsCache/CalculatorWSService"/>
    </target>
    <target name="wsimport-client-generate" depends="wsimport-client-CalculatorWSService"/>
</project>
