<?xml version='1.0' encoding='UTF-8'?><!-- Published by JAX-WS RI at http://jax-ws.dev.java.net. RI's version is JAX-WS RI 2.2-hudson-411-. --><!-- Generated by JAX-WS RI at http://jax-ws.dev.java.net. RI's version is JAX-WS RI 2.2-hudson-411-. --><definitions xmlns:wsu="http://docs.oasis-open.org/wss/2004/01/oasis-200401-wss-wssecurity-utility-1.0.xsd" xmlns:wsp="http://www.w3.org/ns/ws-policy" xmlns:wsp1_2="http://schemas.xmlsoap.org/ws/2004/09/policy" xmlns:wsam="http://www.w3.org/2007/05/addressing/metadata" xmlns:soap="http://schemas.xmlsoap.org/wsdl/soap/" xmlns:tns="http://calculator.me.org/" xmlns:xsd="http://www.w3.org/2001/XMLSchema" xmlns="http://schemas.xmlsoap.org/wsdl/" targetNamespace="http://calculator.me.org/" name="CalculatorWSService">
<types>
<xsd:schema>
<xsd:import namespace="http://calculator.me.org/" schemaLocation="http://localhost:8080/CalculatorApp/CalculatorWSService?xsd=1" />
</xsd:schema>
</types>
<message name="add">
<part name="parameters" element="tns:add" />
</message>
<message name="addResponse">
<part name="parameters" element="tns:addResponse" />
</message>
<portType name="CalculatorWS">
<operation name="add">
<input wsam:Action="http://calculator.me.org/CalculatorWS/addRequest" message="tns:add" />
<output wsam:Action="http://calculator.me.org/CalculatorWS/addResponse" message="tns:addResponse" />
</operation>
</portType>
<binding name="CalculatorWSPortBinding" type="tns:CalculatorWS">
<soap:binding transport="http://schemas.xmlsoap.org/soap/http" style="document" />
<operation name="add">
<soap:operation soapAction="" />
<input>
<soap:body use="literal" />
</input>
<output>
<soap:body use="literal" />
</output>
</operation>
</binding>
<service name="CalculatorWSService">
<port name="CalculatorWSPort" binding="tns:CalculatorWSPortBinding">
<soap:address location="http://localhost:8080/CalculatorApp/CalculatorWSService" />
</port>
</service>
</definitions>
